{
  "$schema": "https://raw.githubusercontent.com/grafana/grafana/master/docs/sources/developers/plugins/plugin.schema.json",
  "type": "panel",
  "name": "Moving Template Variables",
  "id": "ppalyafari-movingtemplatevariables-panel",
  "info": {
    "keywords": ["panel"],
    "description": "Uses template variables as panel plugins",
    "author": {
      "name": "Ppalyafari"
    },
    "logos": {
      "small": "img/logo.svg",
      "large": "img/logo.svg"
    },
    "links": [],
    "screenshots": [],
    "version": "1.0.0",
    "updated": "2023-04-16"
  },
  "dependencies": {
    "grafanaDependency": ">=9.3.8",
    "plugins": []
  }
}
